Session_ID,Customer_ID,Product_ID,Added_To_Cart,Cart_Value,Checkout_Started,Payment_Completed,Abandoned,Time_Spent_Min,Device,Channel
S-0,C-253,P-287,Yes,4410,No,Yes,Yes,11,Desktop,Flipkart
S-1,C-136,P-425,Yes,4602,No,No,Yes,5,Mobile,Website
S-2,C-80,P-84,No,3797,No,Yes,No,10,Tablet,Flipkart
S-3,C-248,P-385,Yes,4046,Yes,No,Yes,14,Tablet,Amazon
S-4,C-166,P-29,No,6043,Yes,No,Yes,19,Mobile,Amazon
S-5,C-139,P-475,Yes,561,No,Yes,Yes,17,Mobile,Flipkart
S-6,C-175,P-18,No,2332,Yes,No,Yes,28,Tablet,Website
S-7,C-28,P-397,Yes,5074,No,Yes,Yes,24,Mobile,Flipkart
S-8,C-108,P-197,Yes,1002,No,Yes,No,27,Mobile,Amazon
S-9,C-212,P-311,Yes,6106,Yes,Yes,No,17,Tablet,Flipkart
S-10,C-218,P-32,Yes,3397,Yes,No,No,30,Desktop,App
S-11,C-299,P-289,Yes,6399,Yes,No,Yes,11,Desktop,Instagram
S-12,C-87,P-473,Yes,1049,Yes,No,Yes,28,Mobile,App
S-13,C-42,P-40,No,4553,Yes,Yes,No,4,Desktop,Website
S-14,C-246,P-125,Yes,4032,Yes,No,No,14,Tablet,Amazon
S-15,C-167,P-133,No,3399,No,Yes,No,26,Tablet,App
S-16,C-199,P-173,Yes,5363,No,No,Yes,25,Tablet,Amazon
S-17,C-93,P-282,Yes,1284,No,Yes,No,23,Mobile,App
S-18,C-43,P-435,Yes,4247,Yes,Yes,No,10,Tablet,Flipkart
S-19,C-227,P-351,Yes,5762,Yes,No,Yes,10,Mobile,Amazon
S-20,C-148,P-350,Yes,2570,No,Yes,Yes,6,Mobile,App
S-21,C-261,P-421,No,6032,Yes,Yes,No,23,Desktop,App
S-22,C-23,P-103,No,6668,Yes,Yes,Yes,4,Tablet,App
S-23,C-253,P-412,No,595,No,Yes,Yes,10,Desktop,Instagram
S-24,C-86,P-475,No,3907,Yes,Yes,Yes,26,Tablet,App
S-25,C-120,P-499,No,5770,No,No,No,16,Desktop,Instagram
S-26,C-191,P-326,Yes,1711,Yes,Yes,No,27,Desktop,Instagram
S-27,C-132,P-370,Yes,1041,No,Yes,No,7,Desktop,App
S-28,C-260,P-161,Yes,4684,No,No,Yes,19,Mobile,Website
S-29,C-63,P-325,Yes,573,Yes,Yes,No,7,Mobile,Amazon
S-30,C-106,P-105,Yes,377,No,Yes,No,18,Tablet,App
S-31,C-10,P-407,No,5325,Yes,No,Yes,27,Tablet,Amazon
S-32,C-21,P-371,No,2024,No,Yes,Yes,20,Desktop,Flipkart
S-33,C-118,P-218,Yes,5036,Yes,No,No,8,Tablet,Amazon
S-34,C-259,P-15,No,6581,Yes,Yes,No,20,Desktop,App
S-35,C-136,P-475,No,3333,No,No,No,2,Desktop,Flipkart
S-36,C-266,P-259,No,2216,No,Yes,Yes,4,Tablet,Amazon
S-37,C-75,P-77,No,1495,Yes,Yes,No,8,Mobile,Website
S-38,C-168,P-190,Yes,5035,No,No,Yes,16,Mobile,Instagram
S-39,C-156,P-104,No,625,No,Yes,No,22,Mobile,App
S-40,C-155,P-369,No,4981,Yes,Yes,Yes,19,Desktop,Flipkart
S-41,C-50,P-210,No,736,Yes,Yes,Yes,5,Mobile,Flipkart
S-42,C-178,P-215,No,2452,Yes,No,Yes,17,Desktop,Instagram
S-43,C-153,P-136,No,2623,Yes,No,Yes,17,Desktop,Website
S-44,C-37,P-420,No,5223,Yes,Yes,No,19,Desktop,Instagram
S-45,C-89,P-144,No,5959,Yes,Yes,No,27,Mobile,Instagram
S-46,C-106,P-128,No,1450,No,No,Yes,14,Mobile,Amazon
S-47,C-217,P-145,No,1231,No,Yes,No,27,Desktop,Instagram
S-48,C-221,P-113,No,5764,No,Yes,No,15,Desktop,App
S-49,C-130,P-253,Yes,6699,Yes,Yes,Yes,20,Tablet,Flipkart
S-50,C-182,P-498,Yes,6145,No,Yes,Yes,5,Mobile,Instagram
S-51,C-117,P-456,No,6818,Yes,No,No,19,Tablet,Amazon
S-52,C-69,P-416,No,1258,No,No,Yes,12,Mobile,App
S-53,C-292,P-82,No,4201,Yes,Yes,Yes,9,Desktop,Flipkart
S-54,C-229,P-396,No,2833,No,No,Yes,4,Mobile,Website
S-55,C-270,P-306,No,6013,Yes,No,Yes,25,Desktop,App
S-56,C-1,P-386,No,3269,Yes,Yes,Yes,20,Tablet,Instagram
S-57,C-44,P-196,Yes,1576,No,Yes,No,21,Mobile,Instagram
S-58,C-286,P-74,Yes,611,No,No,No,28,Tablet,App
S-59,C-142,P-432,No,4900,No,No,No,30,Tablet,Instagram
S-60,C-227,P-297,Yes,1404,Yes,Yes,No,7,Tablet,App
S-61,C-44,P-486,Yes,2196,Yes,No,No,30,Mobile,Instagram
S-62,C-112,P-398,No,5701,Yes,Yes,Yes,16,Desktop,Flipkart
S-63,C-297,P-494,No,4562,No,Yes,No,26,Desktop,App
S-64,C-214,P-165,No,6104,No,Yes,Yes,16,Mobile,Website
S-65,C-254,P-299,No,4466,Yes,Yes,No,24,Mobile,Instagram
S-66,C-126,P-263,Yes,5320,No,Yes,No,8,Tablet,Website
S-67,C-64,P-42,No,1334,No,Yes,Yes,17,Tablet,Instagram
S-68,C-121,P-154,No,2841,No,No,Yes,25,Tablet,Instagram
S-69,C-34,P-491,Yes,6820,No,No,Yes,23,Tablet,Flipkart
S-70,C-1,P-313,Yes,5345,No,No,Yes,20,Tablet,Amazon
S-71,C-148,P-163,Yes,2625,No,No,No,11,Desktop,Flipkart
S-72,C-220,P-491,No,3755,Yes,Yes,No,13,Mobile,App
S-73,C-161,P-300,No,6265,No,Yes,No,14,Tablet,Website
S-74,C-298,P-153,No,4619,Yes,No,Yes,11,Mobile,Website
S-75,C-102,P-221,Yes,4782,No,No,Yes,15,Desktop,Amazon
S-76,C-144,P-31,No,6611,Yes,No,Yes,6,Desktop,Amazon
S-77,C-243,P-316,Yes,4641,No,Yes,No,8,Desktop,Amazon
S-78,C-114,P-389,Yes,505,No,No,Yes,30,Mobile,Amazon
S-79,C-177,P-455,Yes,1024,No,No,No,3,Tablet,Instagram
S-80,C-94,P-362,Yes,6567,Yes,Yes,No,10,Desktop,Website
S-81,C-199,P-279,No,562,No,No,Yes,8,Desktop,Amazon
S-82,C-4,P-93,No,2565,No,No,No,23,Desktop,Amazon
S-83,C-31,P-16,Yes,2020,Yes,No,Yes,12,Desktop,Flipkart
S-84,C-125,P-431,Yes,949,No,No,Yes,5,Desktop,Flipkart
S-85,C-121,P-368,Yes,6988,Yes,Yes,Yes,17,Mobile,Instagram
S-86,C-30,P-255,No,1591,Yes,No,No,3,Tablet,Website
S-87,C-123,P-247,Yes,2175,Yes,No,No,14,Tablet,App
S-88,C-205,P-361,No,4230,Yes,No,No,6,Tablet,Amazon
S-89,C-126,P-166,Yes,5827,No,Yes,No,13,Desktop,Website
S-90,C-129,P-118,Yes,6821,Yes,No,Yes,8,Tablet,Instagram
S-91,C-57,P-112,No,3534,Yes,Yes,No,24,Mobile,Amazon
S-92,C-123,P-471,Yes,3966,No,Yes,No,17,Mobile,App
S-93,C-286,P-353,Yes,5680,No,Yes,Yes,28,Tablet,Instagram
S-94,C-59,P-410,Yes,6598,Yes,Yes,No,17,Desktop,Website
S-95,C-36,P-388,Yes,506,Yes,No,Yes,9,Tablet,Instagram
S-96,C-49,P-197,No,3402,Yes,No,No,25,Tablet,Website
S-97,C-283,P-470,Yes,3085,Yes,No,No,13,Mobile,App
S-98,C-165,P-430,Yes,2925,Yes,No,No,30,Tablet,Instagram
S-99,C-67,P-421,No,856,Yes,Yes,No,2,Mobile,Amazon
S-100,C-115,P-471,Yes,782,No,Yes,Yes,21,Mobile,Website
S-101,C-32,P-422,No,5606,No,Yes,Yes,9,Desktop,Flipkart
S-102,C-272,P-159,Yes,6966,Yes,Yes,Yes,2,Desktop,Website
S-103,C-246,P-56,No,5205,Yes,Yes,No,27,Desktop,Amazon
S-104,C-72,P-359,No,2128,Yes,No,Yes,26,Tablet,Instagram
S-105,C-188,P-393,Yes,1916,Yes,Yes,No,6,Mobile,Flipkart
S-106,C-107,P-201,Yes,3880,Yes,No,No,13,Desktop,Website
S-107,C-30,P-258,No,1501,Yes,Yes,Yes,13,Mobile,Instagram
S-108,C-283,P-290,Yes,635,Yes,No,Yes,25,Desktop,Flipkart
S-109,C-234,P-279,Yes,1453,No,Yes,Yes,3,Tablet,Amazon
S-110,C-126,P-238,Yes,4090,No,Yes,No,25,Mobile,Flipkart
S-111,C-211,P-403,No,1864,No,Yes,Yes,15,Mobile,Instagram
S-112,C-116,P-127,Yes,2156,No,No,Yes,18,Desktop,App
S-113,C-183,P-207,Yes,6444,Yes,No,Yes,13,Mobile,Instagram
S-114,C-115,P-264,Yes,3853,Yes,Yes,No,15,Mobile,Amazon
S-115,C-116,P-109,No,4752,Yes,No,No,25,Mobile,App
S-116,C-254,P-419,No,2322,No,No,No,15,Mobile,Website
S-117,C-26,P-337,Yes,4154,No,Yes,No,11,Mobile,Website
S-118,C-255,P-57,Yes,1426,No,No,No,26,Desktop,Amazon
S-119,C-271,P-461,No,1501,No,No,No,13,Tablet,Website
S-120,C-34,P-407,No,5056,Yes,Yes,Yes,19,Mobile,App
S-121,C-148,P-214,Yes,6345,No,No,No,28,Tablet,Flipkart
S-122,C-207,P-345,Yes,1861,Yes,No,Yes,8,Desktop,Amazon
S-123,C-269,P-137,Yes,3065,No,Yes,Yes,3,Mobile,Flipkart
S-124,C-190,P-423,No,575,No,No,Yes,18,Mobile,App
S-125,C-118,P-463,No,3824,No,No,Yes,28,Desktop,Amazon
S-126,C-259,P-353,No,3193,No,Yes,Yes,11,Desktop,Amazon
S-127,C-131,P-277,Yes,3972,Yes,No,Yes,20,Tablet,Flipkart
S-128,C-67,P-103,Yes,4661,No,No,No,17,Mobile,App
S-129,C-284,P-194,No,415,Yes,No,No,29,Tablet,App
S-130,C-173,P-14,Yes,2566,No,Yes,No,15,Tablet,Flipkart
S-131,C-33,P-146,Yes,2570,No,Yes,Yes,6,Tablet,Flipkart
S-132,C-46,P-206,No,2858,Yes,No,No,25,Desktop,App
S-133,C-91,P-289,No,6191,Yes,Yes,No,6,Desktop,Website
S-134,C-117,P-155,No,2821,Yes,No,Yes,3,Desktop,Flipkart
S-135,C-59,P-446,No,2210,Yes,No,Yes,2,Mobile,Website
S-136,C-217,P-210,No,2982,No,Yes,No,29,Mobile,Instagram
S-137,C-220,P-101,Yes,2331,Yes,No,Yes,23,Tablet,App
S-138,C-118,P-301,Yes,1161,No,Yes,Yes,2,Desktop,App
S-139,C-2,P-1,No,5188,Yes,No,No,16,Mobile,Amazon
S-140,C-143,P-459,No,5257,Yes,No,Yes,7,Tablet,Amazon
S-141,C-247,P-385,Yes,3264,No,Yes,No,19,Desktop,Instagram
S-142,C-250,P-14,No,2809,No,No,No,13,Desktop,App
S-143,C-86,P-107,No,1709,No,Yes,Yes,28,Tablet,Instagram
S-144,C-228,P-184,No,1104,Yes,Yes,Yes,29,Tablet,Amazon
S-145,C-44,P-282,No,3885,No,No,No,3,Mobile,Instagram
S-146,C-256,P-209,No,4232,Yes,Yes,No,19,Mobile,Instagram
S-147,C-249,P-255,No,5558,No,No,No,20,Desktop,Website
S-148,C-59,P-58,No,1328,No,Yes,No,26,Mobile,Flipkart
S-149,C-51,P-182,Yes,320,No,Yes,No,15,Tablet,Website
S-150,C-298,P-399,No,5913,Yes,No,Yes,18,Tablet,Instagram
S-151,C-219,P-5,No,3381,No,No,Yes,22,Tablet,Instagram
S-152,C-48,P-84,No,5126,No,Yes,No,4,Tablet,App
S-153,C-253,P-94,Yes,5230,Yes,No,Yes,13,Mobile,App
S-154,C-113,P-251,No,2081,Yes,No,No,3,Desktop,Amazon
S-155,C-169,P-24,Yes,1556,Yes,Yes,No,27,Mobile,Amazon
S-156,C-151,P-171,Yes,836,No,Yes,Yes,19,Tablet,Flipkart
S-157,C-94,P-79,No,1164,No,Yes,Yes,3,Mobile,Amazon
S-158,C-294,P-174,No,1622,Yes,No,Yes,22,Desktop,Instagram
S-159,C-264,P-107,No,2618,No,No,No,8,Mobile,Instagram
S-160,C-188,P-493,No,1117,Yes,No,No,29,Desktop,Website
S-161,C-124,P-274,Yes,1550,Yes,Yes,No,2,Mobile,Amazon
S-162,C-90,P-455,Yes,5344,Yes,No,No,19,Mobile,Instagram
S-163,C-93,P-463,Yes,1208,No,No,No,8,Tablet,Website
S-164,C-268,P-288,Yes,2096,Yes,No,Yes,8,Desktop,Flipkart
S-165,C-260,P-290,Yes,4105,Yes,No,No,5,Desktop,Website
S-166,C-177,P-449,No,6787,No,No,Yes,15,Tablet,Flipkart
S-167,C-297,P-122,Yes,3875,No,Yes,Yes,18,Desktop,Flipkart
S-168,C-292,P-218,Yes,4242,Yes,No,No,18,Desktop,Flipkart
S-169,C-159,P-274,No,3062,No,Yes,Yes,29,Mobile,Amazon
S-170,C-91,P-154,No,2684,No,Yes,No,13,Tablet,Instagram
S-171,C-56,P-395,Yes,5715,Yes,No,No,15,Mobile,Website
S-172,C-286,P-450,Yes,1155,Yes,Yes,Yes,29,Tablet,Flipkart
S-173,C-181,P-85,No,5200,Yes,Yes,Yes,17,Mobile,Flipkart
S-174,C-172,P-9,Yes,5934,No,Yes,Yes,7,Mobile,App
S-175,C-116,P-333,Yes,1329,No,No,No,15,Tablet,Website
S-176,C-36,P-5,Yes,627,Yes,Yes,No,23,Mobile,Amazon
S-177,C-83,P-189,No,6582,Yes,Yes,No,19,Desktop,Instagram
S-178,C-144,P-95,Yes,2587,No,Yes,Yes,2,Desktop,Amazon
S-179,C-33,P-491,Yes,1327,No,Yes,No,4,Mobile,Website
S-180,C-32,P-26,No,2898,No,No,No,8,Desktop,App
S-181,C-111,P-306,Yes,3621,Yes,No,Yes,18,Mobile,Instagram
S-182,C-258,P-383,No,925,Yes,No,No,13,Desktop,App
S-183,C-297,P-212,Yes,2357,No,Yes,Yes,26,Mobile,Website
S-184,C-226,P-67,No,5819,Yes,Yes,No,25,Desktop,Instagram
S-185,C-233,P-67,No,5150,No,Yes,Yes,2,Mobile,Website
S-186,C-109,P-467,Yes,1234,Yes,Yes,Yes,25,Mobile,App
S-187,C-31,P-228,No,3296,Yes,Yes,Yes,26,Mobile,Amazon
S-188,C-263,P-247,No,5184,No,No,No,12,Mobile,Instagram
S-189,C-20,P-66,No,2391,Yes,Yes,Yes,29,Desktop,Instagram
S-190,C-260,P-147,No,1380,No,Yes,Yes,9,Tablet,Website
S-191,C-190,P-259,Yes,665,Yes,No,Yes,20,Mobile,Instagram
S-192,C-294,P-257,No,2019,No,Yes,No,23,Desktop,Instagram
S-193,C-26,P-433,No,4519,No,No,Yes,25,Tablet,Flipkart
S-194,C-97,P-437,No,1757,Yes,Yes,Yes,8,Desktop,Amazon
S-195,C-243,P-18,No,2341,Yes,No,Yes,19,Tablet,Instagram
S-196,C-110,P-216,No,6612,No,Yes,No,29,Desktop,Amazon
S-197,C-230,P-484,Yes,546,Yes,Yes,No,24,Tablet,Website
S-198,C-155,P-74,Yes,5673,No,No,No,20,Desktop,Amazon
S-199,C-154,P-163,No,6891,No,No,Yes,11,Mobile,Flipkart
S-200,C-11,P-33,Yes,970,No,Yes,No,29,Desktop,Amazon
S-201,C-262,P-415,No,3033,Yes,Yes,Yes,8,Desktop,App
S-202,C-214,P-175,Yes,5833,Yes,Yes,Yes,4,Tablet,Website
S-203,C-93,P-485,No,5441,No,Yes,Yes,23,Tablet,Instagram
S-204,C-56,P-410,Yes,4143,No,No,Yes,14,Desktop,Amazon
S-205,C-42,P-72,Yes,364,Yes,No,No,24,Desktop,Flipkart
S-206,C-288,P-147,Yes,3958,No,No,No,4,Tablet,Instagram
S-207,C-284,P-109,Yes,1601,No,No,No,26,Mobile,Instagram
S-208,C-193,P-167,No,3342,No,No,No,20,Tablet,App
S-209,C-300,P-229,Yes,2052,No,No,No,12,Mobile,Amazon
S-210,C-168,P-192,Yes,2038,Yes,No,No,6,Mobile,App
S-211,C-296,P-493,No,2446,No,Yes,Yes,16,Tablet,Amazon
S-212,C-251,P-445,Yes,1953,No,Yes,Yes,10,Desktop,Instagram
S-213,C-300,P-280,Yes,5677,No,No,Yes,27,Mobile,Website
S-214,C-80,P-192,Yes,3113,Yes,Yes,Yes,23,Tablet,Amazon
S-215,C-184,P-408,Yes,6665,Yes,Yes,Yes,14,Mobile,Flipkart
S-216,C-22,P-194,No,3263,Yes,Yes,Yes,19,Mobile,App
S-217,C-178,P-367,No,2253,Yes,No,No,18,Tablet,Website
S-218,C-137,P-65,Yes,5686,Yes,No,No,17,Desktop,Instagram
S-219,C-69,P-80,No,1341,No,Yes,Yes,8,Mobile,Flipkart
S-220,C-124,P-155,No,3549,No,Yes,Yes,7,Tablet,App
S-221,C-111,P-199,No,4224,No,Yes,No,12,Desktop,Amazon
S-222,C-133,P-434,Yes,4898,Yes,Yes,Yes,11,Tablet,Flipkart
S-223,C-212,P-493,Yes,695,Yes,No,Yes,18,Mobile,Instagram
S-224,C-133,P-96,Yes,510,Yes,Yes,Yes,10,Desktop,Amazon
S-225,C-283,P-404,No,5001,No,Yes,Yes,21,Tablet,Instagram
S-226,C-36,P-98,Yes,3159,No,No,No,11,Mobile,Instagram
S-227,C-16,P-15,No,3051,Yes,No,No,14,Tablet,Amazon
S-228,C-234,P-295,Yes,4361,No,No,Yes,18,Desktop,Flipkart
S-229,C-75,P-117,No,5093,Yes,Yes,Yes,14,Tablet,Amazon
S-230,C-235,P-161,No,2978,No,Yes,Yes,26,Mobile,Instagram
S-231,C-240,P-323,Yes,4912,No,Yes,Yes,21,Mobile,App
S-232,C-175,P-67,No,3236,No,Yes,Yes,20,Desktop,Amazon
S-233,C-111,P-155,No,5645,No,No,No,15,Desktop,App
S-234,C-266,P-78,No,4152,No,No,Yes,25,Mobile,Flipkart
S-235,C-114,P-57,No,5812,No,Yes,Yes,13,Desktop,Instagram
S-236,C-148,P-482,Yes,3654,Yes,Yes,Yes,24,Mobile,App
S-237,C-161,P-55,No,316,No,Yes,No,15,Mobile,Website
S-238,C-189,P-461,No,1547,Yes,Yes,Yes,13,Tablet,Website
S-239,C-56,P-473,No,5484,No,No,No,19,Tablet,Amazon
S-240,C-23,P-400,Yes,3684,Yes,No,Yes,2,Mobile,Flipkart
S-241,C-45,P-209,No,3017,Yes,Yes,Yes,28,Tablet,Instagram
S-242,C-95,P-372,Yes,342,Yes,Yes,Yes,3,Mobile,Instagram
S-243,C-256,P-13,No,4594,Yes,Yes,No,28,Desktop,Website
S-244,C-250,P-177,Yes,2848,No,Yes,No,6,Tablet,App
S-245,C-39,P-132,No,4965,Yes,No,No,29,Tablet,Amazon
S-246,C-38,P-114,Yes,5847,No,No,Yes,15,Tablet,Website
S-247,C-62,P-390,Yes,6665,Yes,No,No,21,Tablet,Amazon
S-248,C-253,P-479,No,909,No,Yes,Yes,15,Mobile,Website
S-249,C-276,P-330,No,3969,No,Yes,Yes,27,Desktop,Amazon
S-250,C-285,P-179,Yes,1894,No,Yes,No,28,Mobile,Instagram
S-251,C-32,P-283,No,3820,Yes,Yes,No,28,Mobile,Flipkart
S-252,C-129,P-103,No,4705,No,No,No,8,Tablet,Flipkart
S-253,C-188,P-409,No,1536,Yes,Yes,Yes,10,Mobile,Flipkart
S-254,C-260,P-361,No,4972,Yes,Yes,Yes,25,Tablet,Amazon
S-255,C-200,P-134,Yes,4623,No,Yes,Yes,11,Tablet,Website
S-256,C-272,P-76,Yes,5103,Yes,Yes,Yes,21,Mobile,Amazon
S-257,C-6,P-222,No,1582,Yes,Yes,No,3,Mobile,App
S-258,C-168,P-214,Yes,5794,No,No,No,20,Tablet,App
S-259,C-296,P-22,No,6908,No,Yes,No,9,Mobile,Amazon
S-260,C-196,P-307,No,1172,Yes,No,Yes,2,Desktop,App
S-261,C-18,P-247,No,699,No,Yes,Yes,19,Tablet,Amazon
S-262,C-30,P-448,No,4763,Yes,Yes,Yes,2,Mobile,App
S-263,C-20,P-158,Yes,3839,Yes,Yes,Yes,18,Desktop,Flipkart
S-264,C-261,P-417,No,2601,No,No,Yes,24,Tablet,Flipkart
S-265,C-142,P-415,Yes,4054,Yes,No,No,26,Desktop,Flipkart
S-266,C-133,P-342,Yes,5800,No,Yes,No,11,Desktop,App
S-267,C-9,P-145,No,1490,No,No,No,9,Mobile,Amazon
S-268,C-103,P-246,No,6928,Yes,No,No,15,Mobile,Flipkart
S-269,C-297,P-335,Yes,5784,Yes,No,Yes,4,Mobile,App
S-270,C-62,P-481,No,5651,Yes,Yes,No,28,Tablet,Website
S-271,C-265,P-183,Yes,5183,Yes,Yes,No,10,Mobile,Amazon
S-272,C-5,P-4,Yes,3852,Yes,Yes,No,13,Tablet,Instagram
S-273,C-253,P-125,No,4864,Yes,No,Yes,19,Mobile,Website
S-274,C-10,P-254,Yes,3068,No,Yes,Yes,28,Mobile,Instagram
S-275,C-90,P-25,Yes,4836,Yes,No,No,10,Desktop,Instagram
S-276,C-163,P-331,Yes,1274,Yes,No,Yes,2,Mobile,Amazon
S-277,C-140,P-129,No,2601,No,Yes,No,30,Mobile,Flipkart
S-278,C-48,P-333,Yes,894,No,Yes,Yes,6,Desktop,Amazon
S-279,C-169,P-462,No,5773,No,No,Yes,20,Mobile,Instagram
S-280,C-254,P-419,Yes,424,Yes,No,Yes,25,Tablet,Flipkart
S-281,C-260,P-60,No,5848,Yes,No,Yes,26,Tablet,App
S-282,C-252,P-326,No,6527,No,Yes,No,25,Mobile,Amazon
S-283,C-174,P-306,No,5143,Yes,Yes,Yes,26,Mobile,Amazon
S-284,C-282,P-6,No,3820,No,Yes,Yes,11,Desktop,App
S-285,C-63,P-119,No,6120,No,No,Yes,24,Desktop,Amazon
S-286,C-145,P-207,Yes,1095,No,Yes,No,8,Tablet,Website
S-287,C-108,P-276,No,1300,Yes,No,Yes,15,Desktop,Website
S-288,C-26,P-286,No,2448,Yes,Yes,Yes,19,Tablet,Flipkart
S-289,C-59,P-274,Yes,6920,Yes,No,Yes,18,Desktop,Flipkart
S-290,C-278,P-60,No,5465,Yes,Yes,No,19,Tablet,Amazon
S-291,C-156,P-479,No,3212,No,Yes,Yes,9,Mobile,Flipkart
S-292,C-264,P-241,Yes,704,Yes,Yes,Yes,24,Desktop,Flipkart
S-293,C-218,P-274,No,3912,Yes,No,Yes,29,Tablet,Website
S-294,C-3,P-258,Yes,1686,No,Yes,Yes,26,Mobile,Website
S-295,C-146,P-282,Yes,6102,Yes,Yes,Yes,22,Desktop,Amazon
S-296,C-293,P-45,No,2876,No,No,Yes,26,Mobile,Instagram
S-297,C-144,P-180,Yes,4352,Yes,No,Yes,16,Mobile,Website
S-298,C-169,P-101,No,2598,Yes,Yes,Yes,22,Mobile,Instagram
S-299,C-257,P-78,Yes,1380,Yes,Yes,No,7,Desktop,Instagram
S-300,C-40,P-108,No,5717,No,No,Yes,29,Mobile,Instagram
S-301,C-17,P-174,No,3257,No,Yes,Yes,5,Tablet,Instagram
S-302,C-27,P-124,Yes,5556,No,Yes,Yes,2,Tablet,Flipkart
S-303,C-244,P-213,No,5768,No,Yes,Yes,14,Desktop,Website
S-304,C-215,P-79,Yes,3577,No,No,Yes,5,Desktop,Amazon
S-305,C-72,P-314,Yes,1458,No,Yes,No,26,Tablet,App
S-306,C-14,P-160,No,842,Yes,No,Yes,29,Tablet,App
S-307,C-38,P-181,No,6558,No,Yes,No,24,Mobile,Amazon
S-308,C-76,P-131,Yes,5900,Yes,Yes,No,9,Tablet,Amazon
S-309,C-90,P-178,No,1381,Yes,No,No,18,Mobile,App
S-310,C-99,P-296,No,1788,Yes,No,No,13,Tablet,Flipkart
S-311,C-107,P-492,Yes,3815,No,Yes,Yes,10,Desktop,Amazon
S-312,C-4,P-20,Yes,6798,Yes,No,Yes,25,Desktop,App
S-313,C-244,P-207,No,799,No,No,Yes,11,Tablet,Instagram
S-314,C-254,P-346,Yes,1292,Yes,No,No,23,Tablet,Amazon
S-315,C-18,P-228,No,3528,No,No,Yes,5,Mobile,App
S-316,C-210,P-236,No,5128,Yes,Yes,No,24,Mobile,Website
S-317,C-64,P-214,Yes,5534,Yes,No,Yes,4,Tablet,App
S-318,C-241,P-75,Yes,932,No,Yes,No,13,Tablet,Amazon
S-319,C-266,P-155,Yes,6024,Yes,No,No,27,Tablet,Instagram
S-320,C-137,P-227,Yes,416,No,No,Yes,18,Mobile,Flipkart
S-321,C-116,P-234,No,6539,No,No,No,11,Tablet,App
S-322,C-245,P-411,Yes,1012,Yes,Yes,Yes,18,Tablet,App
S-323,C-300,P-179,No,5959,Yes,Yes,Yes,2,Desktop,Flipkart
S-324,C-160,P-401,No,3313,Yes,Yes,No,5,Desktop,Amazon
S-325,C-78,P-387,No,6754,Yes,No,No,15,Mobile,Amazon
S-326,C-133,P-308,No,1042,No,No,No,15,Tablet,Flipkart
S-327,C-283,P-343,No,810,No,Yes,No,28,Tablet,Website
S-328,C-121,P-273,Yes,1112,Yes,Yes,Yes,6,Desktop,App
S-329,C-284,P-154,No,4038,No,No,Yes,4,Desktop,Amazon
S-330,C-72,P-469,Yes,773,Yes,Yes,Yes,30,Mobile,Flipkart
S-331,C-15,P-484,No,4087,No,Yes,No,3,Desktop,Amazon
S-332,C-219,P-129,Yes,3360,Yes,No,No,5,Desktop,Amazon
S-333,C-191,P-36,No,2949,Yes,No,No,10,Tablet,Instagram
S-334,C-268,P-2,Yes,3759,No,No,Yes,2,Desktop,Flipkart
S-335,C-268,P-455,Yes,3189,Yes,No,Yes,2,Tablet,App
S-336,C-300,P-105,Yes,3371,No,No,No,2,Mobile,Flipkart
S-337,C-110,P-352,No,5708,Yes,No,No,17,Desktop,Amazon
S-338,C-55,P-147,No,6077,Yes,Yes,Yes,20,Tablet,Instagram
S-339,C-219,P-132,No,645,No,No,No,27,Tablet,Amazon
S-340,C-31,P-395,Yes,712,No,No,Yes,16,Tablet,Amazon
S-341,C-149,P-231,No,2841,No,No,No,2,Desktop,Amazon
S-342,C-81,P-85,No,1500,No,Yes,Yes,15,Mobile,App
S-343,C-42,P-464,Yes,4923,No,No,No,5,Mobile,Flipkart
S-344,C-156,P-433,Yes,6228,Yes,Yes,Yes,27,Desktop,Flipkart
S-345,C-161,P-403,Yes,3111,No,No,No,21,Tablet,Instagram
S-346,C-248,P-433,No,5751,Yes,Yes,Yes,15,Tablet,Website
S-347,C-102,P-283,No,2547,Yes,No,No,17,Mobile,Flipkart
S-348,C-112,P-295,No,3662,No,Yes,Yes,20,Desktop,Instagram
S-349,C-2,P-233,Yes,3868,No,Yes,No,2,Tablet,Amazon
S-350,C-241,P-189,No,4834,No,Yes,No,17,Mobile,Amazon
S-351,C-149,P-400,No,476,No,No,Yes,27,Tablet,Instagram
S-352,C-232,P-97,Yes,2058,Yes,Yes,No,25,Desktop,Flipkart
S-353,C-185,P-62,No,427,Yes,No,No,27,Mobile,Instagram
S-354,C-255,P-234,No,3588,Yes,Yes,Yes,10,Tablet,Instagram
S-355,C-169,P-317,Yes,3092,Yes,No,No,3,Tablet,Amazon
S-356,C-274,P-106,No,5591,No,Yes,Yes,23,Mobile,Website
S-357,C-291,P-202,Yes,6710,Yes,Yes,No,24,Desktop,App
S-358,C-30,P-130,No,1090,Yes,No,Yes,7,Desktop,Flipkart
S-359,C-218,P-119,No,745,Yes,No,No,6,Desktop,Instagram
S-360,C-281,P-170,Yes,3927,No,Yes,Yes,23,Mobile,Instagram
S-361,C-192,P-315,No,6940,Yes,Yes,No,23,Mobile,Website
S-362,C-184,P-159,No,4350,Yes,No,No,22,Mobile,App
S-363,C-66,P-135,No,4374,No,No,Yes,3,Mobile,Website
S-364,C-29,P-221,No,5121,No,No,Yes,28,Tablet,Amazon
S-365,C-33,P-161,No,1886,Yes,No,Yes,7,Tablet,Website
S-366,C-245,P-394,Yes,2570,Yes,Yes,Yes,24,Tablet,Instagram
S-367,C-18,P-214,Yes,6768,No,No,Yes,10,Desktop,Instagram
S-368,C-33,P-138,Yes,1834,Yes,No,No,6,Mobile,App
S-369,C-194,P-473,No,6549,Yes,Yes,No,26,Mobile,Flipkart
S-370,C-229,P-260,No,750,No,Yes,No,17,Tablet,Flipkart
S-371,C-251,P-325,No,6703,No,Yes,Yes,17,Tablet,Flipkart
S-372,C-108,P-57,No,5569,No,Yes,Yes,5,Mobile,App
S-373,C-215,P-458,No,6927,No,No,No,28,Tablet,Website
S-374,C-284,P-155,Yes,6412,No,Yes,No,16,Mobile,Website
S-375,C-165,P-419,No,5642,No,Yes,Yes,30,Tablet,Flipkart
S-376,C-70,P-294,No,854,Yes,No,No,11,Desktop,Instagram
S-377,C-221,P-359,Yes,5938,No,No,Yes,19,Tablet,Website
S-378,C-40,P-262,No,3994,No,Yes,No,11,Mobile,Instagram
S-379,C-157,P-464,No,5326,Yes,Yes,No,5,Tablet,Website
S-380,C-37,P-166,No,4572,No,No,No,27,Mobile,Website
S-381,C-119,P-129,Yes,1454,Yes,Yes,Yes,30,Tablet,Amazon
S-382,C-9,P-3,No,6883,Yes,No,Yes,10,Tablet,Flipkart
S-383,C-193,P-415,No,2302,No,Yes,No,5,Mobile,Instagram
S-384,C-288,P-109,No,5777,No,No,No,15,Tablet,App
S-385,C-36,P-20,No,1629,Yes,No,No,25,Mobile,Amazon
S-386,C-168,P-274,No,3175,No,Yes,No,24,Tablet,Amazon
S-387,C-148,P-109,Yes,3992,Yes,No,Yes,20,Tablet,Instagram
S-388,C-224,P-232,Yes,3180,Yes,No,Yes,12,Tablet,Website
S-389,C-92,P-111,Yes,3621,Yes,No,Yes,11,Mobile,Amazon
S-390,C-59,P-180,Yes,4860,No,Yes,Yes,26,Tablet,App
S-391,C-39,P-268,No,5723,Yes,No,Yes,11,Desktop,Website
S-392,C-125,P-392,No,1525,No,Yes,No,6,Mobile,Amazon
S-393,C-170,P-106,Yes,1515,No,No,No,15,Tablet,Instagram
S-394,C-250,P-56,Yes,5406,No,Yes,Yes,13,Mobile,App
S-395,C-265,P-285,Yes,6609,Yes,Yes,No,13,Desktop,Amazon
S-396,C-24,P-180,No,2263,Yes,Yes,No,26,Mobile,App
S-397,C-82,P-440,Yes,1466,Yes,Yes,Yes,26,Tablet,Flipkart
S-398,C-103,P-313,No,1045,No,No,No,8,Tablet,Website
S-399,C-269,P-113,No,4998,Yes,No,No,20,Mobile,App
S-400,C-50,P-254,No,5696,Yes,Yes,Yes,3,Mobile,Website
S-401,C-297,P-139,No,5687,Yes,No,No,14,Mobile,Website
S-402,C-149,P-139,No,1887,No,No,No,5,Desktop,Amazon
S-403,C-280,P-165,No,4343,Yes,No,No,30,Desktop,Flipkart
S-404,C-207,P-353,No,5267,No,Yes,Yes,4,Mobile,Amazon
S-405,C-77,P-114,No,2931,Yes,Yes,No,15,Desktop,Amazon
S-406,C-14,P-67,Yes,5168,Yes,Yes,Yes,16,Tablet,Website
S-407,C-263,P-311,Yes,3450,No,Yes,Yes,24,Tablet,Website
S-408,C-135,P-182,Yes,2590,No,No,No,29,Desktop,App
S-409,C-299,P-408,No,4419,Yes,No,No,22,Tablet,Instagram
S-410,C-50,P-482,No,4488,Yes,No,No,28,Mobile,Instagram
S-411,C-159,P-425,No,6234,No,No,Yes,18,Desktop,Website
S-412,C-13,P-484,No,3466,Yes,No,Yes,15,Mobile,Instagram
S-413,C-211,P-121,Yes,6577,Yes,Yes,Yes,25,Mobile,Instagram
S-414,C-122,P-149,Yes,1456,Yes,Yes,Yes,10,Mobile,App
S-415,C-98,P-29,No,6986,Yes,Yes,No,26,Mobile,Flipkart
S-416,C-95,P-3,No,3957,Yes,Yes,No,24,Desktop,Flipkart
S-417,C-270,P-476,No,2476,No,Yes,No,3,Tablet,Website
S-418,C-77,P-239,Yes,3017,Yes,No,No,21,Mobile,Flipkart
S-419,C-169,P-169,No,4212,Yes,No,No,28,Desktop,Amazon
S-420,C-235,P-448,No,4222,Yes,Yes,Yes,17,Desktop,Flipkart
S-421,C-90,P-443,No,3713,Yes,No,Yes,15,Desktop,App
S-422,C-296,P-162,Yes,4447,No,Yes,Yes,11,Mobile,Amazon
S-423,C-267,P-401,Yes,2925,Yes,No,Yes,18,Mobile,Amazon
S-424,C-268,P-414,Yes,6104,No,Yes,No,29,Mobile,Amazon
S-425,C-140,P-241,Yes,6512,Yes,No,No,19,Tablet,Instagram
S-426,C-252,P-17,No,2132,Yes,No,Yes,21,Tablet,Flipkart
S-427,C-248,P-354,Yes,1065,No,Yes,No,28,Tablet,Flipkart
S-428,C-35,P-422,Yes,2409,No,Yes,Yes,15,Mobile,Amazon
S-429,C-220,P-383,No,6073,No,No,No,2,Desktop,Website
S-430,C-245,P-91,No,2324,Yes,No,Yes,5,Mobile,Flipkart
S-431,C-193,P-78,Yes,2932,Yes,Yes,No,18,Desktop,App
S-432,C-204,P-389,No,1565,No,No,No,14,Mobile,Flipkart
S-433,C-193,P-496,No,1936,No,No,No,16,Mobile,Website
S-434,C-165,P-36,Yes,2782,Yes,No,Yes,9,Desktop,Instagram
S-435,C-77,P-138,Yes,1913,No,No,Yes,28,Tablet,Flipkart
S-436,C-88,P-473,No,4332,No,Yes,Yes,8,Mobile,Flipkart
S-437,C-263,P-233,No,1309,Yes,Yes,Yes,20,Tablet,Instagram
S-438,C-243,P-278,Yes,6104,No,No,Yes,17,Mobile,Flipkart
S-439,C-181,P-276,No,4428,No,Yes,Yes,17,Mobile,App
S-440,C-142,P-311,No,1072,No,No,No,6,Tablet,Flipkart
S-441,C-282,P-374,Yes,6862,No,No,No,23,Tablet,Amazon
S-442,C-105,P-80,No,3866,Yes,Yes,No,7,Mobile,Website
S-443,C-81,P-416,No,1466,Yes,No,Yes,21,Tablet,App
S-444,C-4,P-100,No,1281,Yes,No,No,6,Desktop,Amazon
S-445,C-180,P-237,No,3985,Yes,No,No,11,Tablet,Amazon
S-446,C-76,P-193,Yes,6151,Yes,Yes,Yes,16,Tablet,Instagram
S-447,C-225,P-52,No,5452,Yes,Yes,Yes,19,Mobile,Website
S-448,C-210,P-156,Yes,2817,No,No,No,9,Mobile,Amazon
S-449,C-286,P-420,No,6409,Yes,No,No,18,Desktop,Amazon
S-450,C-104,P-426,Yes,4430,Yes,No,Yes,29,Tablet,Instagram
S-451,C-58,P-237,No,3351,No,Yes,Yes,16,Desktop,Flipkart
S-452,C-247,P-104,Yes,5101,Yes,No,Yes,10,Desktop,Instagram
S-453,C-1,P-55,Yes,5984,Yes,No,No,18,Tablet,Flipkart
S-454,C-140,P-185,Yes,1716,Yes,Yes,Yes,10,Tablet,Website
S-455,C-182,P-146,No,2616,Yes,Yes,No,8,Tablet,Website
S-456,C-161,P-268,No,2028,No,Yes,Yes,10,Tablet,Flipkart
S-457,C-51,P-449,Yes,6884,No,Yes,Yes,11,Mobile,Instagram
S-458,C-248,P-256,No,3668,No,Yes,Yes,6,Tablet,Website
S-459,C-71,P-198,No,1924,Yes,Yes,Yes,12,Desktop,App
S-460,C-93,P-434,No,2581,No,No,Yes,17,Mobile,Instagram
S-461,C-259,P-159,No,787,Yes,Yes,No,8,Desktop,Flipkart
S-462,C-135,P-389,Yes,4532,Yes,Yes,No,16,Mobile,Instagram
S-463,C-80,P-382,Yes,3112,No,Yes,No,22,Mobile,Flipkart
S-464,C-107,P-444,Yes,2288,No,Yes,Yes,10,Tablet,Website
S-465,C-222,P-455,No,6416,No,Yes,Yes,13,Tablet,Instagram
S-466,C-93,P-208,Yes,5460,Yes,No,No,6,Desktop,Amazon
S-467,C-181,P-292,No,4496,Yes,Yes,No,30,Mobile,App
S-468,C-252,P-46,No,3217,No,No,Yes,27,Tablet,Amazon
S-469,C-201,P-324,Yes,4004,No,No,Yes,23,Desktop,Website
S-470,C-243,P-58,Yes,4345,Yes,No,Yes,29,Tablet,App
S-471,C-216,P-309,Yes,4644,No,Yes,Yes,20,Tablet,Website
S-472,C-90,P-124,No,2995,Yes,No,Yes,7,Mobile,Website
S-473,C-247,P-111,Yes,1967,Yes,No,Yes,26,Desktop,App
S-474,C-287,P-261,No,5382,Yes,No,Yes,13,Tablet,Flipkart
S-475,C-124,P-403,No,4252,No,Yes,No,18,Mobile,App
S-476,C-125,P-278,No,3078,Yes,No,Yes,27,Mobile,Instagram
S-477,C-205,P-296,Yes,5351,Yes,No,Yes,28,Desktop,Flipkart
S-478,C-78,P-205,No,1001,No,No,Yes,12,Mobile,Amazon
S-479,C-251,P-388,Yes,2226,No,Yes,Yes,19,Mobile,Flipkart
S-480,C-56,P-148,Yes,3145,Yes,Yes,Yes,3,Desktop,Flipkart
S-481,C-137,P-210,Yes,1410,Yes,No,Yes,16,Desktop,App
S-482,C-12,P-276,Yes,5369,No,Yes,Yes,25,Mobile,App
S-483,C-100,P-37,No,6698,Yes,No,Yes,11,Desktop,Instagram
S-484,C-111,P-221,No,431,No,No,Yes,30,Tablet,Flipkart
S-485,C-230,P-56,No,445,Yes,Yes,No,16,Mobile,Amazon
S-486,C-240,P-345,Yes,757,Yes,No,Yes,4,Tablet,Instagram
S-487,C-134,P-64,Yes,5715,Yes,Yes,Yes,8,Desktop,Website
S-488,C-246,P-459,Yes,1878,No,Yes,No,12,Desktop,App
S-489,C-217,P-85,Yes,5145,Yes,Yes,Yes,6,Desktop,App
S-490,C-240,P-161,Yes,5017,Yes,Yes,Yes,14,Mobile,Amazon
S-491,C-218,P-179,Yes,2808,Yes,No,No,26,Tablet,Flipkart
S-492,C-122,P-266,Yes,1205,No,No,No,20,Desktop,Website
S-493,C-264,P-39,Yes,3060,Yes,No,No,11,Desktop,Instagram
S-494,C-157,P-246,No,5223,No,No,No,21,Desktop,Flipkart
S-495,C-261,P-45,Yes,5039,Yes,Yes,No,27,Mobile,Flipkart
S-496,C-203,P-444,No,631,No,Yes,No,27,Mobile,Instagram
S-497,C-9,P-23,No,5344,No,No,Yes,29,Tablet,Flipkart
S-498,C-83,P-412,Yes,6531,Yes,No,No,8,Mobile,Flipkart
S-499,C-233,P-402,No,908,No,Yes,Yes,6,Tablet,Flipkart
S-500,C-229,P-244,No,4088,Yes,Yes,No,3,Tablet,Amazon
S-501,C-194,P-372,Yes,4885,Yes,Yes,No,16,Mobile,Flipkart
S-502,C-150,P-180,Yes,3091,Yes,Yes,Yes,7,Tablet,Instagram
S-503,C-173,P-58,Yes,1699,No,Yes,Yes,7,Mobile,App
S-504,C-172,P-180,No,4940,Yes,Yes,No,18,Tablet,Website
S-505,C-253,P-83,Yes,6781,No,Yes,No,19,Mobile,Instagram
S-506,C-58,P-354,No,5484,Yes,No,Yes,11,Desktop,Amazon
S-507,C-209,P-326,Yes,3111,No,Yes,No,17,Tablet,Amazon
S-508,C-62,P-157,Yes,3355,No,Yes,No,18,Tablet,App
S-509,C-176,P-88,Yes,373,No,Yes,Yes,29,Desktop,Flipkart
S-510,C-178,P-384,No,911,No,Yes,Yes,8,Tablet,Website
S-511,C-162,P-46,Yes,2945,Yes,Yes,Yes,8,Desktop,Amazon
S-512,C-280,P-194,Yes,3723,No,No,No,25,Tablet,Amazon
S-513,C-222,P-219,No,6674,No,No,Yes,8,Tablet,App
S-514,C-230,P-230,Yes,784,No,Yes,Yes,15,Desktop,Flipkart
S-515,C-266,P-454,No,6826,No,No,Yes,21,Desktop,Website
S-516,C-80,P-462,Yes,2477,Yes,Yes,No,19,Desktop,Amazon
S-517,C-248,P-175,Yes,6413,Yes,Yes,No,29,Mobile,Website
S-518,C-276,P-72,No,1164,No,Yes,Yes,14,Mobile,Website
S-519,C-76,P-231,Yes,2012,No,Yes,No,25,Tablet,Amazon
S-520,C-205,P-240,Yes,2513,Yes,Yes,No,17,Desktop,Instagram
S-521,C-90,P-159,No,5341,Yes,No,No,30,Tablet,Website
S-522,C-192,P-431,No,1304,Yes,Yes,Yes,8,Tablet,Amazon
S-523,C-175,P-262,No,2263,Yes,No,Yes,12,Desktop,App
S-524,C-77,P-187,No,2477,Yes,No,Yes,14,Tablet,Instagram
S-525,C-171,P-142,Yes,1376,Yes,Yes,Yes,5,Tablet,Flipkart
S-526,C-288,P-315,No,4859,No,Yes,Yes,9,Mobile,App
S-527,C-41,P-333,Yes,5319,Yes,No,No,17,Tablet,Instagram
S-528,C-169,P-267,No,920,No,No,Yes,27,Tablet,Amazon
S-529,C-180,P-267,No,1467,Yes,Yes,Yes,2,Mobile,Instagram
S-530,C-233,P-77,No,1171,Yes,No,Yes,29,Mobile,Website
S-531,C-157,P-434,No,2630,Yes,Yes,No,24,Desktop,App
S-532,C-298,P-443,Yes,6954,Yes,No,Yes,8,Tablet,Website
S-533,C-130,P-299,Yes,1970,No,Yes,Yes,5,Tablet,Instagram
S-534,C-258,P-352,Yes,1817,Yes,No,No,14,Mobile,Website
S-535,C-139,P-75,No,3627,No,Yes,No,10,Tablet,Website
S-536,C-197,P-267,No,6228,Yes,Yes,No,8,Tablet,Flipkart
S-537,C-254,P-242,No,2503,No,No,No,6,Desktop,Flipkart
S-538,C-124,P-113,No,2253,Yes,Yes,No,18,Mobile,Flipkart
S-539,C-169,P-36,No,2928,No,No,Yes,11,Desktop,Instagram
S-540,C-244,P-150,Yes,1809,Yes,No,No,2,Mobile,Flipkart
S-541,C-230,P-479,No,322,Yes,No,Yes,29,Tablet,Instagram
S-542,C-238,P-226,No,5911,No,No,Yes,8,Desktop,App
S-543,C-230,P-391,No,6565,No,Yes,No,22,Desktop,Amazon
S-544,C-140,P-395,No,6395,Yes,No,No,7,Desktop,Website
S-545,C-141,P-340,No,5018,No,No,No,16,Tablet,Instagram
S-546,C-256,P-173,No,2509,Yes,Yes,No,8,Desktop,Website
S-547,C-181,P-12,No,1776,Yes,No,Yes,24,Tablet,Instagram
S-548,C-30,P-196,No,2417,No,Yes,No,30,Desktop,Instagram
S-549,C-120,P-270,No,2526,No,No,Yes,11,Desktop,Website
S-550,C-255,P-258,Yes,1274,Yes,No,Yes,8,Tablet,App
S-551,C-66,P-380,No,4491,Yes,No,No,3,Desktop,Flipkart
S-552,C-208,P-453,Yes,3378,Yes,Yes,Yes,12,Mobile,App
S-553,C-118,P-153,No,5226,Yes,No,Yes,4,Mobile,Instagram
S-554,C-125,P-195,No,1011,No,Yes,Yes,29,Tablet,Website
S-555,C-224,P-200,No,3566,Yes,No,Yes,24,Desktop,Instagram
S-556,C-173,P-334,Yes,2853,Yes,Yes,No,8,Tablet,Flipkart
S-557,C-263,P-224,No,5166,No,No,Yes,5,Tablet,Amazon
S-558,C-112,P-13,No,6297,Yes,Yes,No,17,Tablet,Website
S-559,C-203,P-295,No,2451,Yes,Yes,No,5,Desktop,Amazon
S-560,C-153,P-437,Yes,6896,No,Yes,No,28,Mobile,Website
S-561,C-237,P-495,No,1449,No,Yes,Yes,6,Tablet,Amazon
S-562,C-264,P-34,Yes,459,No,No,Yes,29,Desktop,Website
S-563,C-155,P-475,Yes,4495,Yes,Yes,No,25,Tablet,Website
S-564,C-184,P-137,Yes,6838,No,Yes,No,6,Desktop,Instagram
S-565,C-254,P-70,No,2289,No,Yes,No,8,Mobile,Instagram
S-566,C-111,P-98,No,3942,Yes,Yes,Yes,30,Mobile,Instagram
S-567,C-175,P-420,No,6075,Yes,No,Yes,28,Tablet,Instagram
S-568,C-278,P-136,No,878,No,Yes,Yes,29,Tablet,Website
S-569,C-252,P-471,Yes,5934,No,Yes,Yes,29,Desktop,Instagram
S-570,C-71,P-101,Yes,2626,No,Yes,No,5,Desktop,Website
S-571,C-206,P-391,Yes,3657,Yes,No,Yes,18,Tablet,Amazon
S-572,C-255,P-296,Yes,6024,Yes,Yes,No,27,Desktop,Website
S-573,C-71,P-222,Yes,3849,No,Yes,No,18,Desktop,Flipkart
S-574,C-156,P-285,Yes,1005,Yes,Yes,Yes,20,Desktop,Instagram
S-575,C-163,P-426,No,4538,No,Yes,Yes,21,Tablet,Flipkart
S-576,C-123,P-158,No,5610,Yes,No,Yes,10,Mobile,Website
S-577,C-108,P-477,No,1698,No,Yes,No,23,Mobile,Flipkart
S-578,C-220,P-221,No,645,No,No,Yes,6,Tablet,Website
S-579,C-145,P-383,No,968,No,No,Yes,12,Tablet,Flipkart
S-580,C-192,P-265,No,3051,No,Yes,Yes,22,Desktop,Instagram
S-581,C-128,P-237,Yes,6776,Yes,Yes,Yes,29,Mobile,App
S-582,C-219,P-180,No,2715,Yes,No,Yes,11,Desktop,Amazon
S-583,C-103,P-237,No,2799,Yes,Yes,Yes,24,Desktop,App
S-584,C-17,P-341,Yes,5228,No,No,Yes,24,Desktop,Instagram
S-585,C-28,P-236,No,5186,Yes,No,No,13,Desktop,Website
S-586,C-77,P-387,No,5604,No,Yes,No,24,Mobile,Instagram
S-587,C-37,P-358,Yes,5234,Yes,Yes,No,20,Tablet,Flipkart
S-588,C-28,P-391,No,1396,No,No,Yes,6,Mobile,App
S-589,C-236,P-438,Yes,6235,Yes,Yes,No,14,Tablet,App
S-590,C-236,P-213,Yes,1595,Yes,No,No,6,Mobile,Amazon
S-591,C-123,P-175,No,5884,No,No,Yes,27,Tablet,Amazon
S-592,C-193,P-430,Yes,5234,No,No,No,7,Tablet,App
S-593,C-250,P-53,No,2991,Yes,No,No,30,Mobile,Instagram
S-594,C-120,P-372,Yes,2860,No,No,Yes,27,Desktop,Amazon
S-595,C-96,P-31,No,1193,Yes,Yes,Yes,13,Tablet,Amazon
S-596,C-280,P-168,Yes,2046,Yes,No,No,30,Desktop,Amazon
S-597,C-173,P-36,No,6653,Yes,Yes,No,16,Desktop,Instagram
S-598,C-248,P-277,No,5801,No,Yes,Yes,23,Desktop,App
S-599,C-297,P-52,No,6480,No,No,Yes,9,Tablet,Instagram
S-600,C-105,P-154,Yes,6601,No,Yes,Yes,4,Mobile,Flipkart
S-601,C-145,P-367,Yes,6127,No,No,Yes,17,Tablet,Instagram
S-602,C-288,P-90,Yes,1190,No,No,Yes,9,Desktop,App
S-603,C-203,P-340,No,1252,No,Yes,No,26,Mobile,Flipkart
S-604,C-242,P-220,Yes,1353,Yes,Yes,Yes,11,Desktop,Instagram
S-605,C-298,P-376,Yes,1520,Yes,No,Yes,6,Mobile,Website
S-606,C-129,P-214,Yes,3857,Yes,Yes,Yes,30,Desktop,Instagram
S-607,C-272,P-262,Yes,3346,No,No,No,25,Tablet,Website
S-608,C-199,P-120,Yes,4589,No,Yes,Yes,15,Mobile,App
S-609,C-277,P-376,No,3932,No,Yes,Yes,16,Desktop,Amazon
S-610,C-164,P-412,No,872,No,Yes,Yes,26,Mobile,Website
S-611,C-277,P-168,No,4132,No,Yes,Yes,28,Mobile,Flipkart
S-612,C-211,P-119,Yes,2318,Yes,No,No,26,Desktop,App
S-613,C-51,P-306,No,787,Yes,No,No,28,Desktop,Instagram
S-614,C-84,P-490,No,2507,Yes,Yes,No,11,Mobile,Flipkart
S-615,C-83,P-2,No,5130,No,No,Yes,28,Tablet,Flipkart
S-616,C-67,P-309,Yes,5561,Yes,No,Yes,26,Desktop,Flipkart
S-617,C-164,P-68,Yes,2431,Yes,Yes,No,28,Tablet,Website
S-618,C-176,P-118,Yes,4524,No,Yes,Yes,19,Tablet,Flipkart
S-619,C-42,P-102,No,2668,No,No,No,21,Desktop,Website
S-620,C-195,P-39,No,4458,No,Yes,Yes,16,Tablet,App
S-621,C-157,P-189,Yes,502,Yes,Yes,No,8,Mobile,Instagram
S-622,C-181,P-226,Yes,6661,Yes,No,Yes,15,Desktop,App
S-623,C-176,P-148,Yes,1111,Yes,No,Yes,7,Mobile,Instagram
S-624,C-71,P-60,Yes,6799,No,Yes,Yes,21,Desktop,Website
S-625,C-234,P-37,Yes,3094,Yes,No,Yes,5,Tablet,App
S-626,C-155,P-116,Yes,2521,No,No,Yes,6,Desktop,Instagram
S-627,C-4,P-342,No,2598,No,Yes,Yes,27,Tablet,Flipkart
S-628,C-89,P-134,Yes,4986,No,Yes,Yes,10,Desktop,App
S-629,C-276,P-276,No,1282,Yes,Yes,Yes,11,Tablet,Instagram
S-630,C-295,P-162,No,6523,No,Yes,No,3,Mobile,Flipkart
S-631,C-235,P-225,Yes,2782,No,Yes,Yes,11,Tablet,Instagram
S-632,C-187,P-17,No,4098,No,No,No,29,Desktop,Instagram
S-633,C-35,P-316,No,3796,No,Yes,No,27,Tablet,App
S-634,C-20,P-170,Yes,2594,No,Yes,No,22,Desktop,Website
S-635,C-103,P-396,Yes,457,Yes,No,No,5,Desktop,Instagram
S-636,C-65,P-344,Yes,5597,No,Yes,Yes,30,Tablet,Website
S-637,C-246,P-32,Yes,857,Yes,No,Yes,12,Tablet,Website
S-638,C-13,P-118,Yes,5514,No,Yes,Yes,24,Tablet,Flipkart
S-639,C-289,P-456,No,2848,No,Yes,Yes,19,Desktop,Website
S-640,C-31,P-411,No,5189,No,No,Yes,23,Desktop,App
S-641,C-72,P-294,No,2562,No,No,Yes,8,Tablet,Website
S-642,C-149,P-451,No,6626,Yes,No,Yes,5,Mobile,Flipkart
S-643,C-157,P-198,Yes,3793,No,Yes,Yes,17,Tablet,Amazon
S-644,C-241,P-480,No,6928,Yes,No,No,13,Tablet,Amazon
S-645,C-67,P-262,No,2335,No,No,No,25,Desktop,App
S-646,C-189,P-361,No,6454,No,No,No,15,Mobile,Flipkart
S-647,C-143,P-295,Yes,5853,No,No,Yes,28,Tablet,App
S-648,C-43,P-119,No,660,No,No,Yes,11,Desktop,Amazon
S-649,C-272,P-249,Yes,3204,Yes,No,Yes,19,Desktop,Website
S-650,C-263,P-74,Yes,4994,Yes,No,Yes,22,Tablet,Instagram
S-651,C-176,P-272,No,3651,No,No,Yes,10,Desktop,Instagram
S-652,C-264,P-353,No,4861,Yes,Yes,No,2,Tablet,Amazon
S-653,C-153,P-127,No,1390,No,Yes,Yes,24,Mobile,Instagram
S-654,C-178,P-76,No,2372,Yes,Yes,No,25,Mobile,App
S-655,C-38,P-330,No,4280,No,No,Yes,15,Tablet,Website
S-656,C-67,P-132,No,1660,Yes,Yes,Yes,18,Mobile,Instagram
S-657,C-143,P-25,No,3434,No,Yes,Yes,14,Desktop,Flipkart
S-658,C-244,P-438,No,1672,No,Yes,Yes,22,Mobile,Instagram
S-659,C-296,P-25,No,1438,No,No,No,26,Mobile,Flipkart
S-660,C-79,P-53,Yes,5388,Yes,Yes,Yes,6,Tablet,Amazon
S-661,C-200,P-66,No,1912,No,Yes,No,3,Desktop,Flipkart
S-662,C-288,P-58,No,4459,No,No,Yes,10,Mobile,Flipkart
S-663,C-292,P-67,No,1213,No,No,No,7,Desktop,Flipkart
S-664,C-272,P-315,Yes,1604,Yes,Yes,Yes,14,Desktop,Flipkart
S-665,C-56,P-387,No,2090,No,No,Yes,2,Tablet,App
S-666,C-118,P-73,No,5149,Yes,Yes,No,2,Tablet,App
S-667,C-189,P-488,No,5112,No,No,No,19,Desktop,App
S-668,C-168,P-102,No,4234,No,No,Yes,9,Tablet,Instagram
S-669,C-250,P-163,No,1372,No,Yes,Yes,13,Tablet,Amazon
S-670,C-208,P-5,No,1881,No,Yes,No,14,Desktop,Flipkart
S-671,C-29,P-102,No,5452,No,Yes,No,13,Mobile,Website
S-672,C-142,P-199,Yes,4121,No,Yes,Yes,9,Mobile,Website
S-673,C-212,P-165,Yes,3424,No,Yes,No,30,Desktop,Instagram
S-674,C-31,P-249,Yes,2184,No,No,Yes,26,Desktop,Instagram
S-675,C-300,P-376,Yes,3954,Yes,Yes,No,5,Desktop,App
S-676,C-151,P-320,Yes,6177,No,No,Yes,5,Tablet,Website
S-677,C-281,P-231,No,2849,Yes,No,Yes,17,Mobile,Amazon
S-678,C-33,P-391,Yes,2736,No,Yes,Yes,8,Desktop,Website
S-679,C-234,P-172,No,6905,Yes,No,Yes,30,Tablet,Website
S-680,C-106,P-205,No,4944,No,No,No,23,Desktop,App
S-681,C-23,P-395,Yes,1439,No,Yes,Yes,28,Mobile,App
S-682,C-176,P-326,No,371,No,Yes,No,17,Mobile,App
S-683,C-211,P-139,Yes,2434,No,Yes,Yes,6,Tablet,Website
S-684,C-249,P-154,Yes,6235,No,Yes,Yes,11,Mobile,App
S-685,C-272,P-244,Yes,6376,Yes,Yes,No,9,Mobile,App
S-686,C-83,P-149,Yes,3619,No,Yes,Yes,2,Tablet,Amazon
S-687,C-148,P-464,Yes,6352,No,No,Yes,14,Tablet,Instagram
S-688,C-97,P-359,Yes,730,No,Yes,No,7,Desktop,Instagram
S-689,C-141,P-288,Yes,6059,Yes,No,No,10,Mobile,Amazon
S-690,C-212,P-425,Yes,1950,Yes,Yes,No,16,Tablet,Flipkart
S-691,C-181,P-328,Yes,4616,Yes,Yes,No,21,Mobile,App
S-692,C-156,P-325,No,3736,No,No,No,30,Desktop,Instagram
S-693,C-72,P-433,Yes,6909,Yes,No,No,26,Tablet,Website
S-694,C-118,P-127,No,6330,Yes,Yes,No,24,Tablet,App
S-695,C-111,P-221,Yes,1690,Yes,No,Yes,22,Tablet,Website
S-696,C-61,P-45,No,4093,No,No,Yes,4,Desktop,Website
S-697,C-46,P-154,No,3802,No,No,Yes,27,Desktop,Amazon
S-698,C-139,P-104,No,5477,No,Yes,Yes,28,Tablet,App
S-699,C-142,P-115,No,344,Yes,Yes,Yes,28,Mobile,App
S-700,C-178,P-485,No,5593,No,Yes,Yes,8,Desktop,Instagram
S-701,C-141,P-220,Yes,3391,No,No,Yes,7,Tablet,Website
S-702,C-101,P-435,No,6319,No,Yes,Yes,7,Desktop,Website
S-703,C-296,P-190,No,5546,No,No,No,21,Mobile,Amazon
S-704,C-19,P-119,Yes,3095,No,Yes,No,18,Desktop,App
S-705,C-215,P-194,No,2455,Yes,Yes,No,18,Tablet,Flipkart
S-706,C-208,P-429,No,4214,No,Yes,Yes,30,Mobile,Instagram
S-707,C-151,P-37,No,2523,No,Yes,No,21,Tablet,Instagram
S-708,C-257,P-31,No,3125,Yes,Yes,Yes,20,Desktop,Website
S-709,C-172,P-182,No,5671,Yes,Yes,No,10,Tablet,Instagram
S-710,C-180,P-206,Yes,3673,No,No,Yes,13,Desktop,Instagram
S-711,C-35,P-317,Yes,3096,No,No,Yes,29,Mobile,Instagram
S-712,C-158,P-462,No,1607,Yes,Yes,No,21,Desktop,Website
S-713,C-176,P-457,Yes,6514,No,Yes,Yes,29,Desktop,Amazon
S-714,C-218,P-328,No,4542,No,No,Yes,17,Desktop,Instagram
S-715,C-170,P-466,Yes,3006,Yes,Yes,Yes,13,Desktop,Instagram
S-716,C-232,P-294,Yes,5112,Yes,No,Yes,26,Desktop,Website
S-717,C-129,P-355,Yes,3329,Yes,Yes,No,14,Mobile,Website
S-718,C-246,P-285,No,1354,Yes,No,No,7,Tablet,Flipkart
S-719,C-280,P-151,No,6737,No,Yes,No,26,Desktop,Flipkart
S-720,C-233,P-161,Yes,1980,Yes,Yes,No,3,Tablet,Website
S-721,C-52,P-327,No,1674,Yes,No,Yes,13,Desktop,Flipkart
S-722,C-290,P-317,Yes,2498,Yes,Yes,No,25,Tablet,Amazon
S-723,C-183,P-176,No,3345,No,No,Yes,17,Desktop,Flipkart
S-724,C-248,P-110,Yes,944,Yes,Yes,No,23,Tablet,Flipkart
S-725,C-106,P-264,No,4928,No,No,Yes,2,Tablet,Amazon
S-726,C-218,P-433,Yes,6471,Yes,No,No,19,Mobile,Flipkart
S-727,C-122,P-128,No,1254,No,Yes,No,24,Desktop,Amazon
S-728,C-227,P-222,No,1248,Yes,No,Yes,23,Desktop,App
S-729,C-87,P-449,Yes,3325,Yes,No,Yes,18,Tablet,App
S-730,C-122,P-243,Yes,3287,No,Yes,Yes,6,Desktop,App
S-731,C-68,P-150,Yes,2324,No,Yes,Yes,20,Tablet,App
S-732,C-202,P-36,Yes,5200,No,Yes,Yes,26,Desktop,App
S-733,C-131,P-135,Yes,6453,Yes,No,No,20,Mobile,Website
S-734,C-291,P-65,No,2513,No,Yes,Yes,3,Desktop,App
S-735,C-81,P-187,Yes,1314,No,Yes,Yes,2,Mobile,Flipkart
S-736,C-240,P-303,Yes,5126,No,Yes,Yes,14,Tablet,Flipkart
S-737,C-193,P-276,No,6183,Yes,No,No,14,Mobile,Flipkart
S-738,C-94,P-137,No,5407,No,Yes,No,4,Mobile,Amazon
S-739,C-218,P-55,Yes,3889,No,Yes,No,2,Mobile,Website
S-740,C-126,P-440,No,5184,Yes,No,No,21,Mobile,Amazon
S-741,C-255,P-211,No,3253,No,Yes,Yes,14,Desktop,App
S-742,C-293,P-165,Yes,3359,Yes,No,Yes,23,Mobile,App
S-743,C-236,P-477,No,6559,Yes,No,Yes,8,Desktop,App
S-744,C-38,P-385,Yes,4158,No,No,Yes,26,Tablet,App
S-745,C-55,P-153,No,1189,No,Yes,No,18,Tablet,App
S-746,C-181,P-261,Yes,5208,No,Yes,No,18,Tablet,Flipkart
S-747,C-97,P-149,No,4823,Yes,Yes,Yes,6,Mobile,Flipkart
S-748,C-36,P-347,Yes,1134,No,No,No,5,Mobile,Flipkart
S-749,C-300,P-42,No,5218,No,Yes,No,30,Mobile,Amazon
S-750,C-74,P-291,No,5878,No,Yes,No,17,Mobile,Amazon
S-751,C-221,P-109,Yes,4467,No,Yes,No,26,Desktop,App
S-752,C-265,P-360,Yes,4397,No,No,No,25,Tablet,Amazon
S-753,C-50,P-65,No,992,Yes,Yes,Yes,14,Mobile,Website
S-754,C-49,P-382,Yes,3546,No,Yes,No,3,Tablet,Amazon
S-755,C-101,P-214,No,2583,Yes,Yes,No,19,Tablet,App
S-756,C-11,P-344,Yes,6666,No,No,Yes,21,Desktop,Instagram
S-757,C-61,P-490,Yes,2596,Yes,No,Yes,2,Tablet,Amazon
S-758,C-192,P-156,No,736,Yes,No,Yes,7,Tablet,Website
S-759,C-249,P-146,Yes,2600,Yes,Yes,No,28,Desktop,Amazon
S-760,C-293,P-121,No,2771,No,No,No,13,Tablet,Website
S-761,C-240,P-364,Yes,6956,No,No,No,30,Tablet,Flipkart
S-762,C-73,P-486,Yes,4199,No,Yes,No,21,Mobile,Flipkart
S-763,C-26,P-272,No,4195,Yes,Yes,Yes,4,Mobile,Instagram
S-764,C-100,P-442,Yes,1025,No,No,No,7,Tablet,App
S-765,C-210,P-350,No,6194,No,Yes,No,13,Tablet,Website
S-766,C-176,P-48,Yes,5092,Yes,No,No,14,Desktop,App
S-767,C-251,P-170,No,5302,Yes,Yes,No,27,Desktop,Amazon
S-768,C-257,P-295,Yes,3539,Yes,Yes,Yes,3,Mobile,Instagram
S-769,C-211,P-203,Yes,2325,Yes,No,No,24,Desktop,Amazon
S-770,C-137,P-99,Yes,3260,Yes,No,No,12,Tablet,App
S-771,C-248,P-82,Yes,3747,No,Yes,Yes,13,Desktop,Instagram
S-772,C-4,P-447,No,3106,No,No,No,12,Tablet,Flipkart
S-773,C-52,P-365,No,2008,Yes,No,Yes,23,Mobile,Flipkart
S-774,C-257,P-339,Yes,5132,No,Yes,Yes,11,Mobile,Website
S-775,C-127,P-348,Yes,1064,No,Yes,Yes,8,Mobile,Amazon
S-776,C-133,P-344,No,913,Yes,No,No,6,Tablet,Instagram
S-777,C-126,P-96,No,1840,Yes,No,No,29,Tablet,Flipkart
S-778,C-104,P-150,No,2119,No,No,Yes,27,Desktop,Website
S-779,C-208,P-432,Yes,6877,No,Yes,No,21,Mobile,Website
S-780,C-226,P-206,Yes,6653,No,Yes,No,20,Tablet,App
S-781,C-8,P-481,Yes,2758,Yes,Yes,Yes,17,Tablet,Instagram
S-782,C-51,P-138,No,5217,Yes,Yes,Yes,6,Tablet,Amazon
S-783,C-53,P-42,Yes,3685,No,No,No,13,Mobile,Website
S-784,C-254,P-182,No,5084,Yes,Yes,Yes,5,Desktop,App
S-785,C-199,P-284,No,3566,Yes,No,Yes,25,Mobile,Flipkart
S-786,C-96,P-33,Yes,5036,No,No,No,7,Tablet,App
S-787,C-169,P-14,Yes,1034,Yes,Yes,Yes,21,Tablet,Amazon
S-788,C-264,P-434,No,2459,Yes,No,No,10,Tablet,Flipkart
S-789,C-288,P-224,No,1203,Yes,Yes,Yes,15,Mobile,Flipkart
S-790,C-298,P-490,Yes,3892,No,No,Yes,28,Desktop,App
S-791,C-125,P-85,Yes,5079,No,Yes,No,25,Tablet,Instagram
S-792,C-16,P-260,Yes,5413,Yes,Yes,No,20,Tablet,Amazon
S-793,C-141,P-3,Yes,3619,Yes,No,No,12,Mobile,Website
S-794,C-240,P-275,Yes,6346,Yes,No,Yes,5,Desktop,Flipkart
S-795,C-4,P-486,Yes,367,No,Yes,No,5,Tablet,Instagram
S-796,C-248,P-478,Yes,2156,No,No,Yes,14,Desktop,Flipkart
S-797,C-75,P-207,No,6001,No,Yes,Yes,21,Desktop,App
S-798,C-66,P-195,No,4500,No,Yes,Yes,4,Tablet,Flipkart
S-799,C-39,P-466,Yes,1713,Yes,No,No,10,Desktop,Amazon
S-800,C-249,P-288,No,3807,Yes,No,No,16,Desktop,Amazon
S-801,C-201,P-365,No,2427,No,Yes,Yes,16,Desktop,Amazon
S-802,C-42,P-430,No,5400,Yes,Yes,Yes,11,Mobile,Instagram
S-803,C-178,P-170,Yes,1447,No,Yes,Yes,4,Mobile,Flipkart
S-804,C-152,P-399,No,4258,No,Yes,Yes,17,Mobile,Website
S-805,C-99,P-26,No,5456,Yes,Yes,Yes,7,Mobile,Amazon
S-806,C-67,P-324,No,6517,No,Yes,No,15,Mobile,App
S-807,C-296,P-80,Yes,5127,No,Yes,Yes,16,Tablet,Instagram
S-808,C-193,P-399,No,6704,No,No,Yes,8,Mobile,Amazon
S-809,C-251,P-392,Yes,1534,No,No,No,2,Desktop,Instagram
S-810,C-33,P-471,Yes,3110,Yes,No,No,3,Desktop,Instagram
S-811,C-293,P-184,No,5515,No,Yes,Yes,2,Desktop,Flipkart
S-812,C-196,P-89,Yes,2269,Yes,Yes,No,27,Mobile,App
S-813,C-183,P-124,No,6607,Yes,No,Yes,22,Desktop,Website
S-814,C-199,P-338,Yes,2131,No,No,No,26,Tablet,Website
S-815,C-215,P-220,No,1588,Yes,Yes,Yes,18,Mobile,Instagram
S-816,C-230,P-318,No,824,No,No,Yes,11,Mobile,Instagram
S-817,C-50,P-139,No,6561,No,Yes,No,5,Desktop,App
S-818,C-163,P-449,No,2096,Yes,Yes,Yes,18,Tablet,Amazon
S-819,C-179,P-377,No,3513,Yes,Yes,No,14,Desktop,App
S-820,C-122,P-433,Yes,6230,No,Yes,No,12,Tablet,Website
S-821,C-167,P-147,Yes,416,Yes,Yes,Yes,19,Desktop,Amazon
S-822,C-97,P-464,Yes,6837,Yes,No,Yes,28,Mobile,App
S-823,C-203,P-140,No,1871,Yes,No,No,15,Tablet,Amazon
S-824,C-228,P-218,No,1538,Yes,No,No,20,Mobile,Flipkart
S-825,C-66,P-52,No,1618,Yes,No,No,21,Mobile,Amazon
S-826,C-68,P-52,No,2604,Yes,Yes,Yes,15,Desktop,App
S-827,C-74,P-70,Yes,2012,No,No,No,5,Desktop,Amazon
S-828,C-2,P-138,No,460,Yes,Yes,No,18,Desktop,Flipkart
S-829,C-272,P-93,No,4408,Yes,Yes,Yes,17,Mobile,Instagram
S-830,C-251,P-401,Yes,3777,Yes,No,No,30,Mobile,App
S-831,C-84,P-278,Yes,4357,No,No,No,15,Mobile,Website
S-832,C-28,P-149,Yes,967,Yes,No,Yes,30,Mobile,Website
S-833,C-222,P-362,No,5611,Yes,Yes,Yes,2,Desktop,Amazon
S-834,C-202,P-417,Yes,6997,No,No,No,21,Mobile,Flipkart
S-835,C-88,P-120,No,4165,Yes,No,Yes,15,Desktop,Amazon
S-836,C-267,P-353,No,5684,No,Yes,Yes,26,Desktop,Instagram
S-837,C-75,P-406,Yes,3989,Yes,Yes,Yes,26,Desktop,Flipkart
S-838,C-79,P-374,No,4984,Yes,Yes,No,13,Desktop,Amazon
S-839,C-71,P-196,No,1562,No,No,No,28,Mobile,Instagram
S-840,C-17,P-338,No,2986,No,Yes,No,20,Tablet,Amazon
S-841,C-76,P-423,No,1915,No,Yes,Yes,5,Desktop,Website
S-842,C-228,P-304,Yes,577,Yes,No,Yes,18,Desktop,App
S-843,C-41,P-86,No,3164,No,Yes,No,19,Desktop,Amazon
S-844,C-2,P-462,No,4509,No,No,No,18,Desktop,Instagram
S-845,C-22,P-283,Yes,4532,Yes,No,No,6,Desktop,Instagram
S-846,C-282,P-224,Yes,5877,No,No,No,5,Mobile,Amazon
S-847,C-182,P-356,Yes,3804,No,No,Yes,30,Desktop,Amazon
S-848,C-217,P-138,No,314,No,Yes,Yes,26,Desktop,App
S-849,C-156,P-93,No,5665,No,Yes,Yes,19,Mobile,Website
S-850,C-62,P-276,No,2353,Yes,No,Yes,23,Mobile,Instagram
S-851,C-1,P-365,Yes,993,No,Yes,Yes,26,Tablet,Instagram
S-852,C-155,P-54,No,3991,Yes,Yes,No,8,Tablet,Instagram
S-853,C-183,P-63,Yes,6506,Yes,No,Yes,22,Desktop,Flipkart
S-854,C-295,P-28,No,3869,Yes,No,Yes,22,Desktop,Amazon
S-855,C-44,P-290,Yes,1385,Yes,No,Yes,29,Mobile,Website
S-856,C-10,P-172,Yes,6552,Yes,No,No,6,Mobile,Amazon
S-857,C-91,P-186,Yes,4441,Yes,No,No,5,Tablet,Instagram
S-858,C-6,P-207,No,2161,No,No,Yes,11,Mobile,Flipkart
S-859,C-137,P-217,No,6166,Yes,No,Yes,3,Tablet,Instagram
S-860,C-119,P-92,Yes,1846,No,Yes,Yes,26,Desktop,Amazon
S-861,C-13,P-348,Yes,1270,Yes,No,No,27,Desktop,Amazon
S-862,C-158,P-130,No,1647,No,No,Yes,28,Tablet,Amazon
S-863,C-51,P-68,Yes,5709,Yes,No,No,25,Tablet,Website
S-864,C-10,P-9,No,1695,No,Yes,No,2,Desktop,Flipkart
S-865,C-59,P-445,No,6230,No,Yes,Yes,29,Tablet,App
S-866,C-238,P-234,No,5348,Yes,No,Yes,26,Tablet,Amazon
S-867,C-274,P-185,No,5115,No,Yes,No,30,Desktop,Flipkart
S-868,C-264,P-240,Yes,5550,Yes,Yes,No,7,Mobile,Amazon
S-869,C-39,P-381,No,812,No,No,No,11,Tablet,Flipkart
S-870,C-125,P-13,Yes,4074,Yes,No,Yes,16,Tablet,Instagram
S-871,C-124,P-98,No,5961,No,No,No,25,Desktop,Website
S-872,C-259,P-433,No,3328,No,No,No,10,Tablet,Website
S-873,C-182,P-307,Yes,6611,Yes,Yes,Yes,24,Tablet,Instagram
S-874,C-50,P-308,No,1509,No,No,Yes,15,Mobile,App
S-875,C-297,P-12,No,1014,No,Yes,No,26,Tablet,Flipkart
S-876,C-153,P-89,No,1101,Yes,No,Yes,20,Mobile,Website
S-877,C-59,P-104,Yes,936,Yes,Yes,Yes,25,Tablet,Instagram
S-878,C-169,P-58,No,4260,No,Yes,Yes,17,Mobile,Amazon
S-879,C-193,P-347,No,3323,No,No,Yes,13,Mobile,Amazon
S-880,C-31,P-30,Yes,997,No,Yes,No,17,Tablet,App
S-881,C-174,P-223,Yes,3128,No,Yes,No,22,Desktop,Amazon
S-882,C-267,P-209,No,5732,No,Yes,No,7,Tablet,Flipkart
S-883,C-87,P-73,No,2234,Yes,No,Yes,23,Desktop,Instagram
S-884,C-109,P-467,No,4909,No,Yes,Yes,12,Desktop,Instagram
S-885,C-214,P-163,No,6620,Yes,No,No,23,Tablet,Flipkart
S-886,C-221,P-226,Yes,590,No,Yes,No,14,Desktop,Amazon
S-887,C-117,P-304,No,6776,No,No,No,24,Mobile,Amazon
S-888,C-101,P-251,Yes,1913,Yes,No,Yes,21,Tablet,Instagram
S-889,C-258,P-339,Yes,823,No,Yes,Yes,29,Mobile,Flipkart
S-890,C-217,P-346,Yes,2301,Yes,Yes,Yes,13,Mobile,Amazon
S-891,C-170,P-202,Yes,768,No,No,No,16,Desktop,Amazon
S-892,C-169,P-267,Yes,6874,No,No,Yes,17,Tablet,Instagram
S-893,C-228,P-15,No,719,Yes,Yes,Yes,14,Tablet,Website
S-894,C-25,P-60,No,3777,Yes,Yes,Yes,10,Mobile,App
S-895,C-12,P-29,No,4374,Yes,No,Yes,23,Tablet,Instagram
S-896,C-97,P-196,Yes,4074,No,Yes,Yes,2,Tablet,Flipkart
S-897,C-105,P-427,Yes,4413,No,No,Yes,28,Tablet,Website
S-898,C-240,P-226,No,3655,Yes,No,Yes,5,Desktop,App
S-899,C-98,P-38,Yes,4768,No,No,No,22,Desktop,Amazon
S-900,C-92,P-374,No,6035,No,Yes,No,15,Tablet,Flipkart
S-901,C-142,P-290,Yes,3203,No,No,Yes,12,Mobile,Amazon
S-902,C-281,P-312,No,318,No,Yes,No,22,Mobile,Amazon
S-903,C-281,P-68,No,3953,No,No,Yes,4,Tablet,Flipkart
S-904,C-292,P-1,No,2895,No,No,No,24,Tablet,Website
S-905,C-98,P-96,Yes,3153,Yes,Yes,Yes,28,Tablet,Flipkart
S-906,C-221,P-131,No,3872,No,Yes,Yes,18,Tablet,App
S-907,C-242,P-326,Yes,6155,No,Yes,No,16,Tablet,App
S-908,C-103,P-106,Yes,4720,No,No,Yes,10,Tablet,Instagram
S-909,C-35,P-434,Yes,2887,Yes,Yes,Yes,23,Tablet,Flipkart
S-910,C-211,P-17,No,490,Yes,No,No,22,Desktop,Website
S-911,C-68,P-440,Yes,2767,Yes,Yes,No,30,Mobile,Instagram
S-912,C-13,P-155,No,2615,Yes,Yes,Yes,13,Mobile,App
S-913,C-49,P-471,Yes,5254,No,No,No,22,Tablet,Website
S-914,C-25,P-179,Yes,3418,No,No,Yes,22,Desktop,Instagram
S-915,C-200,P-47,No,2929,Yes,No,No,17,Desktop,App
S-916,C-295,P-378,Yes,890,No,Yes,No,25,Mobile,Flipkart
S-917,C-189,P-40,No,1175,Yes,Yes,No,21,Desktop,Website
S-918,C-224,P-91,Yes,3452,No,No,Yes,15,Mobile,App
S-919,C-267,P-59,Yes,5041,No,No,Yes,23,Desktop,App
S-920,C-5,P-116,No,5618,Yes,No,Yes,20,Desktop,Instagram
S-921,C-75,P-385,No,2467,Yes,No,No,21,Mobile,App
S-922,C-203,P-296,No,5002,Yes,No,No,15,Mobile,Flipkart
S-923,C-54,P-43,No,5072,Yes,No,No,4,Desktop,App
S-924,C-38,P-268,Yes,4896,No,Yes,Yes,8,Tablet,Website
S-925,C-271,P-372,Yes,2177,No,No,No,16,Desktop,Flipkart
S-926,C-165,P-407,No,4904,No,Yes,Yes,3,Mobile,Website
S-927,C-278,P-70,No,5932,Yes,Yes,Yes,21,Tablet,App
S-928,C-241,P-68,Yes,6947,No,No,No,5,Mobile,Flipkart
S-929,C-118,P-209,Yes,5320,No,No,Yes,25,Desktop,Website
S-930,C-283,P-135,Yes,4277,No,No,No,19,Mobile,Website
S-931,C-51,P-353,Yes,2660,Yes,No,No,18,Tablet,Website
S-932,C-133,P-304,No,2279,Yes,No,Yes,30,Tablet,Website
S-933,C-217,P-89,No,5222,Yes,Yes,Yes,28,Desktop,Flipkart
S-934,C-1,P-374,No,3640,Yes,Yes,No,25,Mobile,App
S-935,C-52,P-331,No,310,Yes,No,No,18,Mobile,Instagram
S-936,C-100,P-386,Yes,1291,Yes,Yes,Yes,19,Tablet,App
S-937,C-11,P-338,Yes,4217,Yes,Yes,No,28,Tablet,Instagram
S-938,C-254,P-137,Yes,6116,No,No,No,19,Tablet,Flipkart
S-939,C-50,P-41,Yes,3390,Yes,Yes,No,20,Mobile,Instagram
S-940,C-239,P-268,No,2306,No,No,No,28,Mobile,Website
S-941,C-27,P-480,Yes,3789,No,No,No,12,Mobile,Instagram
S-942,C-32,P-331,Yes,707,No,Yes,No,2,Tablet,Flipkart
S-943,C-27,P-117,No,5784,No,No,No,10,Desktop,Flipkart
S-944,C-233,P-37,No,4033,Yes,No,No,14,Tablet,Amazon
S-945,C-52,P-122,Yes,674,No,No,Yes,29,Mobile,App
S-946,C-253,P-452,No,502,Yes,Yes,Yes,18,Mobile,Instagram
S-947,C-210,P-21,Yes,2764,No,No,Yes,25,Desktop,Flipkart
S-948,C-279,P-82,Yes,4748,Yes,No,Yes,15,Mobile,Amazon
S-949,C-71,P-150,No,2252,No,Yes,No,11,Desktop,Amazon
S-950,C-136,P-94,Yes,6090,Yes,Yes,No,14,Tablet,Amazon
S-951,C-31,P-175,No,6884,Yes,Yes,No,17,Desktop,Amazon
S-952,C-78,P-383,Yes,954,No,No,No,9,Tablet,Flipkart
S-953,C-248,P-39,No,712,No,No,No,16,Mobile,Flipkart
S-954,C-60,P-23,No,2805,Yes,No,Yes,15,Desktop,Website
S-955,C-70,P-249,Yes,3211,Yes,Yes,No,29,Mobile,Amazon
S-956,C-214,P-15,Yes,1953,No,No,Yes,2,Tablet,Website
S-957,C-96,P-470,No,1382,Yes,No,No,16,Mobile,Amazon
S-958,C-44,P-314,Yes,5178,Yes,No,Yes,21,Mobile,Amazon
S-959,C-57,P-179,Yes,1375,No,No,Yes,19,Tablet,App
S-960,C-298,P-23,Yes,2041,Yes,Yes,Yes,11,Tablet,Website
S-961,C-117,P-205,Yes,2820,Yes,No,No,2,Mobile,Flipkart
S-962,C-267,P-119,Yes,1708,Yes,No,No,7,Desktop,Website
S-963,C-104,P-228,Yes,2724,Yes,Yes,No,6,Tablet,App
S-964,C-207,P-160,No,2641,Yes,Yes,No,20,Mobile,Amazon
S-965,C-78,P-299,No,5028,Yes,No,No,6,Desktop,Website
S-966,C-9,P-8,No,2079,Yes,No,No,25,Tablet,Instagram
S-967,C-79,P-13,Yes,548,Yes,Yes,No,8,Tablet,Flipkart
S-968,C-159,P-248,No,6668,Yes,Yes,Yes,7,Tablet,Instagram
S-969,C-298,P-354,No,6393,Yes,Yes,No,23,Tablet,Amazon
S-970,C-123,P-199,Yes,4934,No,No,No,8,Desktop,Instagram
S-971,C-3,P-23,Yes,5497,No,Yes,No,29,Desktop,Flipkart
S-972,C-193,P-16,Yes,1917,No,Yes,Yes,3,Tablet,Instagram
S-973,C-37,P-364,Yes,6466,Yes,Yes,Yes,15,Desktop,Amazon
S-974,C-239,P-174,Yes,3183,No,Yes,Yes,9,Desktop,Flipkart
S-975,C-185,P-70,No,356,No,Yes,No,12,Tablet,Flipkart
S-976,C-114,P-419,Yes,5321,No,Yes,No,28,Mobile,Flipkart
S-977,C-132,P-8,Yes,3755,No,No,No,16,Tablet,Flipkart
S-978,C-146,P-320,Yes,1001,No,No,No,29,Tablet,Amazon
S-979,C-33,P-27,Yes,4437,Yes,No,Yes,19,Tablet,App
S-980,C-244,P-424,Yes,1410,Yes,Yes,No,4,Desktop,Instagram
S-981,C-77,P-208,No,4132,No,Yes,Yes,9,Mobile,Instagram
S-982,C-295,P-441,No,3358,Yes,No,No,6,Mobile,Website
S-983,C-197,P-357,No,6066,No,Yes,No,9,Desktop,Instagram
S-984,C-86,P-438,Yes,5722,No,No,No,28,Desktop,Amazon
S-985,C-134,P-198,No,4732,No,No,Yes,24,Desktop,Amazon
S-986,C-273,P-245,No,5637,Yes,Yes,Yes,24,Mobile,Flipkart
S-987,C-139,P-194,No,6173,No,No,Yes,5,Mobile,Instagram
S-988,C-51,P-363,No,1330,No,No,No,24,Desktop,Instagram
S-989,C-94,P-387,Yes,3374,No,No,Yes,6,Mobile,Website
S-990,C-103,P-112,Yes,1144,Yes,No,Yes,25,Desktop,Flipkart
S-991,C-199,P-47,No,5699,No,No,No,25,Desktop,Website
S-992,C-247,P-18,No,6195,No,Yes,No,13,Tablet,Amazon
S-993,C-92,P-460,Yes,5688,Yes,No,Yes,14,Tablet,App
S-994,C-263,P-41,No,1478,Yes,No,Yes,15,Tablet,Flipkart
S-995,C-63,P-398,Yes,2073,No,Yes,No,7,Desktop,Flipkart
S-996,C-174,P-11,Yes,4914,Yes,Yes,Yes,6,Desktop,Amazon
S-997,C-101,P-97,Yes,1874,No,No,No,12,Mobile,Amazon
S-998,C-77,P-90,No,6488,No,Yes,Yes,6,Tablet,Website
S-999,C-92,P-30,No,678,No,Yes,Yes,8,Desktop,Flipkart
